Timestamp,Sex,Age,Sexuality ,Race,College,Major,Year,General Prompt,Anger Prompt,word count (prompt 1),word count (prompt 2)
2/27/2024 11:58:32,Female,21,Queer/ LGBTQIA+,Asian (including South Asian and Southeast Asian),Fine Arts,Arts and Entertainment Technologies,Senior,"My week was very stressful. Last week I had a few panic attacks in anticipation of telling my parents something important that I knew they wouldn‚Äôt be happy with. On Friday I decided to let my mom know and she responded with anger and brief conversation before hanging up. Ever since they‚Äôve been avoiding me ever since and also my brother hasn‚Äôt been as supportive as I hoped. Additionally I have a lot of projects with deadlines. Overall I feel anxious and just want the next month to pass. I hate the feeling of drowning in work. everything is due in the next couple weeks so I‚Äôm trying to get it done on top of my job.   Today I tried to reach out to my mom and now she wants to talk, but it makes me anxious. Also today I‚Äôm having my first performance review ever and I‚Äôm pretty nervous. Overall just a anxiety filled week. While I do feel anxious I also feel pretty determined to stand my ground and get everything done. I feel like I can do it, but it sucks that my anxiety gets in the way. I also feel really tired and want to work on lessening my load. ","I felt angry recently. I feel frustrated at my family for not being accepting. Typically I just tell someone when I‚Äôm angry and then tell myself it‚Äôs ok to be angry. Later I just cool down and let it go. I can‚Äôt really control other peoples reactions but I can control my own. When I do get angry especially at my family it can be scary for me because all my past resentment will come back up and it‚Äôs hard for me not to be really negative. It feels like a black hole or slippery slope lol. The specific moment where I got angry was when my brother started defending my parents, so I texted him a long paragraph countering all his points. I then called my friends and began to show them why I was annoyed with my brother and they backed me up. Typically I get less angry and more analytical when I start talking it out and feel supportive. I think usually my anxiety of confrontation is stronger than my anger, so even though I still feel angry I feel more anxious rn and just want everything to go back to normal.",204,195
2/27/2024 12:20:35,Male,19,Queer/ LGBTQIA+,"White, Hispanic/ Latino",Engineering,Aerospace Engineering ,Sophomore,"My week was good, it‚Äôs been very hectic I have a lot of tests this week and I have to meet with my research professor and give a presentation on all the work I have accomplished. That‚Äôs super stressful for me because I haven‚Äôt presented in a long time and I‚Äôm very afraid I‚Äôm gonna mess it up or he‚Äôs gonna be mad at me, so I have to practice that. So I was locked in yesterday for 12 hours at the PCL just grinding out work. Also I‚Äôm getting so lost in a lot of my classes like stuff is going right over my head and I have no idea what to do about it other than to grind through like how am I supposed to get a good grade on tests if I can‚Äôt even pay attention in class. At least I attend I know so many people that don‚Äôt even attend class. Other than that no significant events. I had dinner on Saturday with m friends and that was really fun, and I‚Äôve been having girl problems but that‚Äôs about it and I‚Äôd rather not think about that.","About 2 weeks ago this girl that I had a past with told me she actually did have feelings for me. Context, early December she went through a break up around new years we kind got together and I really liked her but she said ‚ÄúI can‚Äôt do this‚Äù, and she basically told me to get over me and for the next two months I kinda felt like she was stringing me along. As I was finally getting over her and we were trying to be friends she drunk calls me and says she actually has liked me for a while. But she didn‚Äôt actually say that all she said was I‚Äôm confused about my feelings for ‚Äúsome people‚Äù. Because god forbid she communicates clearly. And so I had to dig through her words until she would finally admit it. And it‚Äôs like if your confused why would you tell me? I don‚Äôt want to know that we‚Äôre supposed to be friends. And if you liked me why would you say that your confused just tell me you like me. It just really pissed me off.",191,186
2/27/2024 14:04:00,Female,21,Queer/ LGBTQIA+,Hispanic/ Latino,Fine Arts,Art History,Junior,"So far, my week hasn‚Äôt been insanely significant. My weekend was pretty fun as I went out of town with one of my student organization‚Äôs and I was able to interact with a lot of CS students. I loved getting to know new people as well as seeing their perspectives on tech. Since it was a hackathon, I also had the privilege of seeing the applications and websites that the students were building! Very inspiring to start coding as a hobby. Although this week itself hasn‚Äôt been too crazy, I will be celebrating a 13 month anniversary with my partner. I am feeling very grateful to have them in my love, as well as just feeling very lovey and happy to have completed 13 months!! It is going to be a busier couple of weeks for me as midterms ramp up and I have exams coming up, but I am glad to at least be able to celebrate something sweet with my partner despite the upcoming stress.","One time I recently experienced anger may have been earlier today in one of my classes. Today, we were discussing the business aspect of jewelry companies that source their own raw materials (meaning they are in charge of their mining facilities). Specifically, the company we were discussing had their mining facilities in South Africa and they were complicit in a lot of the exploitation and modern day apartheid slavery in South Africa. Although the company later experienced radical change under a new CEO, a lot of my peers had very ‚Äúinteresting‚Äù takes on the position of the company. It was very enraging to say the least as these issues deal with real people. As well as the recent attention in exploitation of people in places like in Congo. It was disappointing to see how little my classmates were able to tie the themes of this company to real world issues. ",167,150
2/27/2024 14:23:38,Female,21,Queer/ LGBTQIA+,White,Liberal Arts,Plan II/Psychology,Senior,"This week I watched Napoleon Dynamite for the first time and I really liked it actually, and that made me happy, except I didn't sleep very much that night and woke up feeling like a ZOMBIE. I slogged through my lab shift Monday but made it through (yay!) before running some errands and then going on a walk with my friend and his dog, which was super nice. That evening I went to weightlifting and had a really great training session, and finished up some exam grading, which actually wasn't as painful as I thought it would be. The next day was a little tiring because I had a lot of classes in a row, but all of them were mildly interesting and I was at least happy to be there. I gave a presentation in my honors class, and it was really well received, people asked great questions and seemed to like my experiment #yay","A time I recently felt anger has to do with my Honors Thesis experiment in the lab. Our original time when we were going to run my rats depended on an experiment finishing in time, and that experiment is not done. I was frustrated because I feel like no one in the lab vouched for me, and I needed to speak up for myself to run my experiment earlier or during winter break or something. Our only option now is to run them at the end of the day, which makes everyone's life super difficult since there will be so many rats running and mine will run super late. I'll have to change up my schedule to accommodate the running time for my rats, and I'll have very little help from other people at the end of the day, which is really really frustrating. I just feel like I'm running uphill to get this experiment done and no one cares about it except me.  ",156,164
2/27/2024 14:26:31,Male,20,Straight,Asian (including South Asian and Southeast Asian),Natural Sciences,Neuroscience,Sophomore,"My week has been good. I spent a lot of time being productive, getting work done, and taking tests, which made me feel very relieved at the end of the week. I felt that I could take some time to relax and did so by being around my friends. I felt as if I became closer to my friends/former acquaintances, which is extremely fulfilling for me. At the same time, I spent a lot of time with friends during the week when I could have been more focused, and I feel guilty and frustrated about that. A lot of my self-worth is based on my determination and ability to work hard, so not putting my best into my work last week took away from my perception of myself. Overall, this week was positive, both personally and professionally. I think I often try to strike a balance between the two aspects of my life and try to redirect myself when I stray from that balance. This week has enabled me to redirect myself, and I think I am better off because of it.","Most recently, I have felt anger due to my personal relationships. Often, I tend to overanalyze my interactions with people and take note of their actions, words, and various cues that may indicate certain things. Recently, people around me have seemed distant, and I have formed the idea that it is because they don't see me as important to their lives. My circle tends to be quite small, and I put in the time to ensure those connections are strong. However, I feel as if the people on the other end don't feel the need to put in that same effort. Eventually, I end up thinking that the other person is actively trying to separate themselves from me. While that is something I can live with, I feel as if they try to break my connections with others too. As someone with a small circle, that is extremely damaging, and I can't help but feel anger at those friends for doing that. But, in the end, I'll never know what the truth is, so I'll have to let the anger go at some point.",182,184
2/27/2024 15:02:31,Female,19,Queer/ LGBTQIA+,White,Liberal Arts,Government,Junior,"So far my week has had both highs and lows. My parents came into town because my brother was competing in UIL state swimming, and seeing them was the highlight of my weekend. On the other hand, my mom brought some bad news about my grandma. She's been dealing with liver/colon cancer for a while now, but she had just done a trial for a new treatment. The trial was horrible, she apparently said that she ""now knows what hell is like."" On top of that, the treatment isn't even guaranteed to bring positive results, and she'd be homebound for a while after it. My grandma is someone who walks for hours a day just because she enjoys it, so being homebound is something that might tank her mental health. I spent a lot of the weekend crying for her; I just wish I could take her place.","I feel resentful and angry at life. This peaked a few weeks ago when I found out that my cousin's cancer had come back, this time in his bone marrow and brain fluid. He spent a significant amount of time going through chemo to get rid of his leukemia, and we'd just visited him in the Netherlands. It felt like having the rug ripped out from under you only to find out there's no floor supporting you. I feel angry that both my grandma and cousin are struggling with this horrible disease. I don't believe in any god, but if they exist I feel especially resentful towards them. I feel so helpless being an ocean away, not even able to give them a hug or talk to them in person. The helplessness turns into self-resentment sometimes, with me criticizing myself for not doing enough or not being able to do anything of value for them.",148,155
2/27/2024 15:04:47,Male,21,Queer/ LGBTQIA+,Asian (including South Asian and Southeast Asian),Natural Sciences,Medical Laboratory Science,Junior,"It‚Äôs on Tuesday but the week has been pretty good! I only slept 2 hours last night but worth it because I‚Äôm able to relax a bit when attending events that I need to be at and want to enjoy! NSC has some events this week so I‚Äôm excited to be able to attend them but I feel like there‚Äôs too much (more than I expected) to do this week. Yeah, not much happened thus far but im excited ad stressed for what is to come! This changes the question asked but this weekend that passed I celebrated a friend‚Äôs birthday by going camping and although I felt a lot of academic guilt on the trip I think the mind reset was much needed to get through this week.",The other day my very close friend came up to me and COUGHED in my face and they thought it was funny‚Ä¶. Like???? I‚Äôm confused as to why you thinking spreading spit and pathogens is funny but go off ig? LOL to be very honest this isnt the first time as well. The first (and maybe second‚Ä¶) time i j laughed it off because my reactions to them coughing were very intense but this was out of the blue while i was packing my bag??? Genuinely so outta pocket lol. I tried to keep composure and just pretended to throw something away. I felt honestly disrespected and genuinely baffled as to why they do this.,129,115
2/27/2024 15:39:45,Female,21,Straight,Asian (including South Asian and Southeast Asian),Natural Sciences,Biology,Senior,"Went home last weekend, was nice to finally see my family for the first time since semester started, I've been needing a break. Was definitely rejuvenating and helped with feeling stressed. Started therapy for the very first time 2 days ago, attending my next session tomorrow. It definitely made me open up and get out a lot of personal things I've had buried and hadn't realized I hadn't gotten over. I did cry, which I expected, but I didn't think I would to that extent. Felt a little awkward but it was ok, the therapist was pretty cool and nice. I'm just hoping I can fix my issues as soon as possible and get out what needs to get out. I just want a little bit of time where I don't have this weight of my future on my shoulders. Just want a little bit of time where I can go to bed without a million things I still have left to fix for my future. ","Got more and more angry the more I realized someone who calls me one of their best friends in college has definitely talked about me behind my back. She's always got the worst things to say about everyone, and can't keep any of her other really good friends' secrets to herself. I've known for a while I need to put up boundaries with her, and I have, but recently I've been realizing how she's probably said things about my friends from home. It's crossing a line for me, and it makes me so angry how people say whatever they want and judge people without even knowing them or what is going on in their personal lives. People without perspective who are always negative and speak without putting themselves in others' shoes makes me so angry. It's irritating, frustrating, annoying, and it makes you look like an idiot no matter how smart you consider yourself to be in school.",166,158
2/27/2024 16:44:59,Female,21,Queer/ LGBTQIA+,"White, Native American/ Native Hawaiian or other Pacific Islander",Liberal Arts,English,Junior,"My week has been just okay, I‚Äôm pretty stressed about midterms but I‚Äôve also gotten to hang out with my friends which always makes me happy. I skipped classes for a whole day mainly to catch up on work but also because I was feeling lazy. One of the better parts of my week was going to see a movie with my friend! I bought this subscription to this movie theater where I can see as many new movies as I want and it‚Äôs only like $25 a month. I‚Äôm excited to take advantage of that. My friend bought the subscription too so hopefully we can see movies together. I‚Äôve also been buying food out a lot which is both a positive and negative thing because I love getting food out but it is not good for me to keep spending money when I have food at home. I accidentally left my headphones at my friend‚Äôs apartment over the weekend and for some reason that also stressed me out because I‚Äôm always wearing those headphones. All good now because I got them back.","Recently I was pretty angry about a situation with an assignment in a class I‚Äôm taking. Basically the assignment asked me to write down observations and connect them with what we were learning in the class, which I thought was easy enough, and I thought I had done a pretty thorough job. But then my prof sent back the assignment to me and said I needed to give specific examples of our learnings in class. I had literally quoted our readings!! I was so confused. I think a lot of students made this mistake because the next day she gave us a small lesson on ‚Äúreading a rubric‚Äù‚Ä¶ I was like ok maybe you just need to be making better rubrics because I read the rubric and watched the video she put explaining the assignment and would have never known exactly how she wanted us to reference what we‚Äôve learned. Like she didn‚Äôt show us an examples until we had already turned it in. Very annoying.",183,166
2/27/2024 19:32:36,Male,22,Straight,Asian (including South Asian and Southeast Asian),Liberal Arts,Sociology ,Senior,"For the past weekend I went on a trip with my girlfriend to Enchanted Rock. That was our first trip together and it was tiring but nice. I had a mix feeling about this trip since we might start doing long distance soon, and right now there‚Äôs so many variables that the long distance situation might last indefinitely. Another significant event would be my first time making cookies and cream ice cream. I‚Äôve been obsessed with Van Leeuwen‚Äôs cookies and cream ice cream but it‚Äôs so hard to find. The recipe I tried this time is very simple, it only got three ingredients and the process was very straightforward. I am very excited about the final result and I always feel proud when I make  food we buy all the time from scratch.","I normally feel anger when I don‚Äôt sleep well. I‚Äôd be recalling memories that include unpleasant encounters with someone and imagining that similar situations are going to happen soon in real life, instead this time I‚Äôd be handling the situation differently. But other than that I don‚Äôt feel anger at all basically, even when I got shit talked in games I‚Äôd just be mildly annoyed. Usually this kind of imagination induced anger last very short, the imagination will usually reach a rational conclusion where I handle the situation thoughtfully instead of aggressively, and my anger would end.",133,97
2/27/2024 21:46:09,Male,21,Straight,Asian (including South Asian and Southeast Asian),Medical/ Pre-Med / Nursing,Biochemistry,Junior,"I haven‚Äôt had many significant events over the past few weeks. Perhaps the highlight of the past two weeks has been a spontaneous two hour discussion with my philosophy professor during his office hours. We debated about the origins of the universe and on determinism and free will. I remember feeling happy that the conversation was productive in helping me explore the responses to my own philosophical ideas but also because I felt that I had gotten a lot closer to my professor. I had a philosophy lecture today, and I definitely was looking forward to it more relative to previous weeks.","I rarely feel angry about things. In fact, if I were to think back to the last time I genuinely felt anger, I would have to talk about something that happened in high school. Perhaps it isn‚Äôt considered recent, but I will talk about it anyways. In high school, I joined a residential college program and had the opportunity to conduct research at a plant biology lab. I was pretty passionate about my work in the lab but I never really externalized it to my friends and roommates. One day, a friend of mine began talking condescendingly of my work and how I hadn‚Äôt produced tangible results yet. Often, when I get angry, I try to just internalize it and externally shrug it off. This time, I felt genuinely disrespected and ended up yelling at my friend and called him out. Interestingly, he is my best friend now.",102,148
2/27/2024 21:55:47,Female,21,Straight,Asian (including South Asian and Southeast Asian),Natural Sciences,Computer Science,Junior,"This past has been pretty good, mostly routine. I accidentally skipped my online class on monday because I was studying with my friends and lost track of time, but we have a dropped quiz, so it's not a big deal. I visited my family friends over the weekend, which was a nice change from campus. I got to unwind a little from the hectic week before and spend some time with their son, who's 8. I don't have any exams this week, so I was able to take some time to catch up on assignments and cook some healthier food for myself for the week. I'm excited for the rest of the week, since nsc has a lot of fun events coming up!","although I wasn't necessarily furious, but more annoyed, a recent time I remember feeling anger was at my roommates. Several of them had left dishes piled up in the sink for several days and one of them had even got on a trip for the weekend. When I was looking for my groceries to make some food for myself, I unearthed some moldy produce that they hadn't thrown away that exploded in a cloud in my face. That immediately sent me in a spiral about how they need to be cleaner and I cleaned up all the dishes and threw the moldy food away, totally grossed out.",123,107
2/27/2024 22:01:27,Male,24,Straight,"White, Asian (including South Asian and Southeast Asian)",N/A,N/A,N/A,"I recently had a job interview where I was not impressed with the recruiter or the company, so I turned them down despite their desire for a follow up interview. I felt bad for the recruiter who was super nice, but hey, I also had a different interview that went great. Other than that, I got to visit my girlfriend and do a bunch of goofy activities and even visiting a Buddhist temple, so it‚Äôs been a fun and interesting week. I‚Äôm also planning on learning to play an instrument for the first time, but it‚Äôs driving me crazy because it‚Äôs stuck in US customs after coming in from Turkey.","I can think of a couple things. First of all, my girlfriend‚Äôs parents are being extremely unreasonable with a certain situation, and the way they talk to her and treat her is really frustrating. I rarely feel truly mad, but sometimes, one of my coworkers really gets on my nerves. His manipulative tone, rude sense of humor, condescending nature, and honestly sheer stupidity at times really drives me insane. Not as much as when he starts making political statements though. Speaking of which, current politics and world events are something that easily makes me feel upset, particularly with the destruction of a certain country and the hypocrisy of so many other nations and people.",110,114
2/28/2024 1:53:49,Male,20,Queer/ LGBTQIA+,White,Engineering,Mechanical Engineering ,Junior,"This past week has been very busy in a good way. A week ago I had a hard exam that I was worried about but I actually felt like I did well which felt rewarding for my studying. It was the last exam of this round of midterms and I had concerts on Friday and Saturday that felt like a nice reprieve and reward from all the studying I did. The concerts themselves were very fulfilling with amazing artists and great production. It was nice to see some familiar faces from the music scene. It was also nice to meet new amazing people. While the rest of the weekend didn't really feel productive, I've hit my stride again starting this week and have met all of my goals for homework so I can have another exciting week ahead.","I haven't felt angry in a long time. It's not something I feel often. There are a lot of little things that sometimes upset me. But I don't really get angry more irritated or annoyed. And those are feelings that pass quickly and I forget about. I'm probably forgetting something, but the last memorable time I felt angry was over winter break. Even so thinking about it I wasn't actually angry more irritated and disappointed. My two close friends and I made plans with our other two close friends who are hard to coordinate plans with. We texted weeks before about the plan and the date to confirm we were all good. Except a week later my one friend says she is working that day and didn't schedule it off. So she said she would try to get the day off but I don't think she actually tried. What irritated me is I literally only hang out with this specific group of friends like once or twice a year. The year before, we had one amazing day where we spent the day together. We made plans for another day and my one friend lied about being free as they had a planned family vacation for that time that they knew about. It just really bummed me out. I understand they lied because they were worried about getting sick for a job interview, but that's no reason to lie about that. I had that whole day planned out and having a similar thing happen again this year just added to my irritation. ",138,261
2/28/2024 8:30:59,Female,23,Straight,Asian (including South Asian and Southeast Asian),N/A,N/A,N/A,"There were no major significant events in my life this past. I did get a stomach bug which made me sick and I felt sad about that but aside from this nothing major. My week so far has been going well. I plan to go to a coffee shop today to do work. I feel a touch stressed because I have lots of work to get done, but this is nothing out of the ordinary. I feel very lucky to not have any negative major significant events occur this week and I hope that this continues to stay true for the rest of the week. Aside from this I have nothing else to report/ say for this question. ","Last time when I felt anger was when I got into a disagreement with my parents. I felt very upset because I did not think they were being open minded and willing to understand and see the situation from my viewpoint. Whenever I'm angry I usually remind myself to take a deep breath. Also with anger I have to remind myself not to say anything rash or in the heat of the moment. Also when anger I sometimes can be a bit short tempered, and even if I'm not angry I am quick to get annoyed. This past time with my parents I think also their irritation further fueled my irritation. ",118,111
2/28/2024 9:30:51,Female,21,Straight,Hispanic/ Latino,N/A,N/A,N/A,"My week has been a little more stressful than normal just because I‚Äôm in the process of moving out of my sister‚Äôs house and worked all weekend, leaving me with barely any time to pack and move out by the end of the month. I also have been having conflict with my two older siblings so that‚Äôs been adding onto the stress, but I feel hopeful that this move will help me move forward with my life and bring me more peace. I was very fortunate last week to have my baby sister in town visiting me. It‚Äôs hard to live far away from her so I loved getting to spend the one on one time with her, especially during a stressful time in my life. I think her presence made me feel more secure in my relationships outside of my older siblings who I am experiencing some issues with at the moment. We didn‚Äôt do much out of the house because I don‚Äôt have a lot of money at the moment, but we spent a lot of time crafting and watching old seasons of the bachelorette. It was nice to relax and spend time with her on my days off. ","The last time I felt anger was last Tuesday and Wednesday. It was probably the most angry I have been in a very long time. There was miscommunication between my brother and I about spending time with my little sister that left me feeling very angry and hurt by his actions. He and I split up the days she was here and on one of the days I was going to spend with her, he scheduled her a nail appointment without making sure it worked with me. I would have been fine with it if the appointment wasn‚Äôt 40 minutes away where he lives and if he had made sure i had nothing planned before talking to my little sister about it and getting her excited about it. I have an old car and told him I didn‚Äôt want to drive back and forth before my little sister got here, hoping to prevent any of these issues, but with the nail appointment I would have had to drive back and forth 4 different times which wasn‚Äôt okay with me. I tried explaining my frustrations and he screamed at me over the phone, screaming vulgar and aggressive words at me and then hung up the phone. In a separate text, he decided to blame me for him yelling and took zero accountability about the entire situation. I haven‚Äôt talked to him since.",201,231
2/28/2024 13:26:50,Female,21,Straight,Asian (including South Asian and Southeast Asian),Natural Sciences,Public Health,Junior,"My week was pretty good. I have a physiology exam tomorrow so I've been studying for that. Over the weekend, I just hung out with friends and nothing significant really happened. It is NS week, so yesterday I went to the Texas Science Museum for the first time. The museum is really nice and I'm surprised that was my first time ever going there. The event was also really fun and I had a good time. Last week, I played pickleball with a couple of friends at the Clark fields. That was also really fun as I hadn't played in a very long time. I want to start playing more often.","I was angry was when my laptop broke back in January. It just stopped charging in the middle of my Zoom class and then died. I tried going to the Computer store at the FAC, but they were pretty unhelpful. So then, I just went back to my apartment and tried calling customer service. They had me on hold for an entire hour before they got to me, so I was a little bit annoyed at that point. The call also cut out a couple times. They had me troubleshoot the laptop for another hour. The reason I was annoyed was because I had already tried troubleshooting my laptop, so it just felt useless. But finally, they made a work order for me to send in my laptop to get repaired. I was also able to get a replacement laptop from my friend for the meantime.",111,146
2/28/2024 16:25:27,Female,23,Straight,Asian (including South Asian and Southeast Asian),N/A,N/A,N/A, My week was good. I learned a lot of new things at work. There were no really significant events but my manager resigned and now I‚Äôm getting a new manager  (he seems super cool tho). I feel positive about my new manager he seems understanding and kind.   I also bought new AirPods last week after 5 years with my own income so I felt quite good about that. I‚Äôm just settling into work and I still feeling a bit lost and confused in some aspects. I guess that‚Äôs normal tho. It‚Äôs a bit strange to be working after being a student all my life. I have to go to work everyday and I can‚Äôt wake up and just be like ‚Äúoh I‚Äôll just stay home today‚Äù or even wake up later. So yeah I‚Äôm feeling a lot of things this week! ,"I felt angry because my roommate didn‚Äôt clean her dishes but she wasn‚Äôt helping out around the house recently so it was building up. She seems a bit lazy and doesn‚Äôt wanna clean up after her own mess. So seeing those unwashed dishes made me more annoyed tbh. It all started after she didn‚Äôt really throw her leftover food from her meals into the trash but  just drain it in the sink which makes it clog ü§¢. I told her to not do that next time but she still repeated it. It‚Äôs a combination and build up of all these factors that made me quite angry. But we talked it through, she was just really busy and she‚Äôs been making an effort ever since. ",141,124
2/28/2024 19:24:09,Female,54,Straight,Asian (including South Asian and Southeast Asian),N/A,N/A,N/A,"My son was down for the winter break, and while he was home we did his regular health check up. The labs came up with some concerning results, which spiralled into a bevy of further tests and investigations. Some past traumas have given me serious anxiety issues, esp health anxiety, both around my family and myself. I panicked so much with the results that I had panic attacks, could not sleep and and slipped into a full on anxiety disorder, which exhausted me so much that I slipped into a depressive state. This compromised my immunity and the past week has been particularly hard as I got hit with a respiratory infection. I have recently joined some creative classes which I really seemed to be enjoying. I was slowly trying to inch out of my anxiety and depressive state and the classes seemed to help a lot. My infection forced me to miss these classes and I am really thinking like there is some higher force which is not really letting me feel better. Know thats not true but circumstances just make you feel so alone and frustrated. Recovery is slow and exhausting.","Some choices I have made have taken my life‚Äôs course in a certain direction not necessarily of my choice. I am angry I made those choices. The trajectory of some of my peers is enviable and makes me angry at my choices. 

I feel angry I chose wrong. Had I not made that choice, it would have been different. I recently learnt that one of the batchmates is now the global head of a large multinational organization. I am truly proud and happy for him. But then, I also reflect on how if I had placed my myself ahead of everyone else's needs, I too could have had a different career path. I worked very hard to get to a place in life through my academic achievements and career choices. There came a time when family members and their needs and aspirations started taking precedence over mine. I keep compromising thinking that was in the best interest of the family. The family has since moved on in their lives, and all doing what they want to do. Unfortunately I seemed to have fallen off the wagon and am not sure how to recreate that self fulfilling life for me. I feel dejected and seem to lack the drive to reinvent myself. Much as I do try, I also feel a bit rusty and unsure how to get back on track. All this is making me angry and full of regrets. I know there is no other way but to pull myself out of it. But sometimes the slump feels too steep to crawl out of.",193,265
2/28/2024 20:02:09,Female,21,Queer/ LGBTQIA+,White,Liberal Arts,Psychology,Junior,"My week has been pretty boring‚Ä¶ I‚Äôve skipped school a bit so I felt a little guilty and lazy. I got some ideas for assignments I have coming up and I feel grateful for my friends, though, so overall I can‚Äôt say it‚Äôs been bad. When I get home from school I just read, so not much activity, although I did read outside yesterday and got some sun, which made me feel like a real human being. The book I was reading was for a class, about Norse Mythology, which is an interest of mine, so it was super fun to take time and further delve into the subject. I also have been slacking when it comes to fitness recently but I went to the gym this week and felt great after. ","I felt a little bit of anger towards my English professor this week, she introduced an assignment in which we have to write an email to someone in which we complain. Like if we experienced bad service we would have to complain to said establishment in the form of an email. The problem is, I don‚Äôt HAVE any problems! I don‚Äôt go out much, and when I do I AVOID conflict, so this assignment is annoying. I have no place that I want to send such an email to, and even if I did I wouldn‚Äôt actually want to send it and further create negativity in my life. Other than that, I don‚Äôt feel like I experienced much anger, and even in this particular instance it feels more like discontent. ",132,130
2/28/2024 20:15:28,Female,18,Straight,White,N/A,N/A,Freshman,"My past week has been relatively uneventful. I did go to my hometown for the weekend to see my high school percussion concert, so I saw a lot of old friends and hung out with some people I haven't seen in years. It was nice to be able to talk freely with some people I feel comfortable around. I also have been sleeping a lot, way more than I usually do (I usually don't sleep near as much as I should), yet I've felt unable to get out of bed every morning and have been skipping classes and work. I feel like it's somewhat concerning because I've always been unable to keep myself from falling asleep when I don't want to, and now that I am getting enough sleep I still can't keep myself from falling asleep. Like maybe I have some form of narcolepsy. Idk.","I got woken up the other day, while I was at home, because I heard yelling from down the stairs. I started listening to the conversation and it was my dad yelling at my brother because my dad took half of my brother's bagel and ate it without permission and then my brother walked out of the room muttering, and my dad decided it was like super rude and disrespectful and just started screaming at him. like bro you ate his bagel what did you expect. anyway I just had to listen to them yelling at each other for like half an hour it was so stupid my dad has anger issues and terrible narcissism I swear.",146,117
2/28/2024 23:02:40,Female,20,Queer/ LGBTQIA+,White,Natural Sciences,Computer Science,Junior,"This past week, I've been playing catch-up after being out of town for a couple weekends in a row. There hasn't been anything significant going on but I've been pretty busy with classes/working out/my job. I haven't been busy in a bad way though -- I've still found the time to hang out with friends or sit down and watch sports -- it's just harder to balance and I'm still a bit behind on school! I'm hoping to knock out a lot of school stuff this weekend so that I can relax a bit next week as I pack and leave for a spring break trip with friends. As much as I am enjoying all of the activities on my calendar, I am really tired and ready for a break!","I was walking home from class with a group of friends when one of them started talking about something really vaguely. I didn't hear the first part of the conversation, so I asked him what he was talking about, but he didn't really acknowledge my question and just moved on. As the conversation moved on, I caught on to what he was talking about and realized that he was talking about something that some people treat as taboo and was refraining from telling me since he was worried that I'd judge him. That made me angry at the people around him who conditioned him to think that people would judge him rather than accept him when they heard about this. It was such a small part of my day but really stuck in my mind all day long and is still bugging me.",130,143
2/28/2024 23:07:55,Female,18,Straight,White,Medical/ Pre-Med / Nursing,Psychology,Freshman,I've had such a busy week and I'm feeling so stressed out because literally everything is happening all in one week and I feel like I'm going to fail all of my classes. All of my big (required) social events and midterms (for what feels like the hardest classes I'ver ever taken) are happening this week and it feels like I don't even have time to take a breath and rest.I know that this probably seems so insignificant in the grand scheme of things but it's causing me a lot of stress and anxiety right now and I just want to get through these next couple of days so I can actually enjoy life again.,My roommate has been a really inconsiderate person towards me and my other roommate and doesn't understand that we are not his personal maids and he never does anything to help around the dorm which is extremely frustrating. We have also noticed a pattern where he just expects us to pay things for him which is getting really old really fast. I just don't understand how his brain works and functions because he is just so socially dumb while he is actually a really smart person when it comes to school. I just really wish that I could go back into the past and decide not to live with him because I think we work better as friends and not roommates.,115,121
2/29/2024 0:35:21,Male,20,Queer/ LGBTQIA+,Other,Business,Supply Chain Management ,Junior,"My last week was super fun. During the weekend I spent time with my girlfriend where we studied together and grabbed Kura. We also played some Mario which was enjoyable. The next day I rockclimbed with a close friend of mine which I love because it‚Äôs a mix of exercise and a good time. We had insightful and deep conversations which I always appreciate. On Sunday I rushed to finish work and felt a little stressed trying to finish an assignment due at midnight and have enough time to go to HEB. I wanted to go to Costco but they were closed.

During the week I was invited to an event called can engineers dance that I wanted to go to especially since I was invited to it but couldn‚Äôt go because of an assignment due that night. I cooked some chicken drumsticks that didn‚Äôt turn out how I thought they would but still enjoyed them. Workload/class work was standard. I watched a bunch of hunterxhunter which I‚Äôm enjoying rewatching.",I‚Äôve been feeling some anger towards myself this semester for procrastinating a bunch and doing work day of instead of working ahead. I was productive last semester so maybe I‚Äôm just burnt out but overall I‚Äôm having trouble finding my motivation. It makes me feel angry because I feel like my quality of work drops when I don‚Äôt put in the time I want to. I have high standards for myself so I don‚Äôt want my grades to slip but it can be hard when big motivators are gone like internships. It‚Äôs interesting being aware of my procrastination and lack of motivation but not being able to work towards improving it.,169,111
2/29/2024 16:24:22,Male,21,Straight,White,Business,Business,Sophomore,"it was okay, feeling burnt out for sure, working 35 hours a week and i‚Äôm taking 18 credit hours, the hardest part is getting out of bed in the morning. i worry about my weight a bit, I‚Äôve always been skinny but my diet is awful and working in a restaurant and bar i‚Äôm doubling up on fatty foods and drinking. however, im really happy with my friends. i skip school a lot, but i emailed all my teachers and they seem sympathetic enough. i went out for a friends birthday last week, i think going out is good for me, i had so much fun. i‚Äôve been playing a lot of games on my phone and doom scrolling instagram reels, probably should cut that out. overall 6/10 week","i tend to get really self conscious when i‚Äôm in the spotlight so to speak (except when i‚Äôm doing a performance oddly enough) and i just started bartending. i‚Äôve worked at my current job for 3 years now, so everyone there knows me well. that being said, since the bar is the lifeblood of this restaurant, it‚Äôs a weirdly pressurized environment unlike any other job; all eyes are on you. so far it‚Äôs been going very well, but since i‚Äôve moved up there‚Äôs been at least 3 servers that see me as a weak link, saying things like, ‚Äúif he‚Äôs bartending, anyone can/why can‚Äôt i?‚Äù within earshot.  honestly really unimportant stuff, but nonetheless, embarrassment leads to frustration, a trait my family definitely exhibits. i guess going off the earlier prompt too, waking up late, skipping class, turning in assignments late leads to really easy self anger. ",129,146
2/29/2024 16:45:04,Female,22,Queer/ LGBTQIA+,White,Natural Sciences,Applied science ,Sophomore,"This week was pretty casual, but I did have a huge friendship breakup randomly. Although it was very deep rooted, this particular friend would talk about my other friends in front of me, when I confronted her and asked her to stop she told me I make everything about myself & that after everything she‚Äôs done for me she expects more from me‚Ä¶It did make me feel as if I was losing a huge part of my identity for such a minuscule conflict. Especially when it could have been so easily fixed. It left me very confused, yet a bit relieved with the people who are left in my corner. What healthy relationships I have external to that toxic one. How many of my friends support me and would do anything to make sure our friendship was never at jeopardy.","I would say the last time I felt anger and was with my ex best friend. To elaborate, I felt as if I was looking for myself in her, throughout all my friendships I expected them to treat me as I treat them. This can lead to disappointment, no one is the same!! But while comparing it to my healthy relationships with my other friends I realized sometimes no matter how hard you try to teach someone to be a good friend it‚Äôs a choice to listen. When this all unfolded I was asking myself ‚Äúhow does she not know what she‚Äôs saying is unhealthy‚Äù but it puts things into perspective when I just imagine that some people are just the way they are. Or maybe she just needs more growing, we could have outgrown one another, or even maybe we just need space from one another. But still butthurt ",140,150
2/29/2024 18:37:05,Female,22,Straight,Asian (including South Asian and Southeast Asian),Liberal Arts,Psychology ,Senior,"My week has been okay. I had a lot of assignments and didn‚Äôt manage my time too well so I was stressed about that. A significant event that took place this week was that I participated in an MRI scan study. I was in an MRI machine for 2 hours performing tasks related to the study and found it extremely interesting. Before the study, i was a little nervous and did not know what to expect. During the study, I was excited but eventually felt tired and sore because I had to stay in one position without moving for two hours. I also needed to use the restroom but had to wait till the study ended so I felt a little uncomfortable doing that. The study required me to complete tasks related to memory so I was exhausted after the first hour. After the study, I felt happy that I could participate in helping the lab further their research work and found it fascinating when the researchers showed me my brain. Overall, it was a satisfying experience.","I recently felt anger a couple of days back. I had to organize a social for an organization that I am a part of. We had decided to collaborate with a few different organizations of campus pretty last minute so I was scrambling to get details figured out to make it an enjoyable social. In addition to feeling stressed, I felt angry because none of the officers were communicating/responding. They also said that they could no longer make it to the social despite confirming that they were available when I was planning the social. I needed them to respond for various things, but none of them were responding which made the whole situation a little more frustrating. I needed one of the other officers to stop by with the supplies but she would not communicate properly and showed up 15 minutes late which made setting up the event hard. I was eventually able to have a good time at the social but I did feel anger in the time leading up to it.",177,173
2/29/2024 22:48:21,Female,23,Straight,Asian (including South Asian and Southeast Asian),N/A,N/A,N/A,"My week thus far has been relatively calmer than my usual pace. I could work from home which has been a blessing in disguise for me as it has allowed me to focus on some other aspects of my life that needs to be attended to. This week, I also got back onto a healthier food diet which has been good for my stomach. However, since there is so much that needs to get done and there is such little time, my stress levels have been quite high which has resulted in me eating an ice cream stick a day! I am pretty sure I am actively developing a cold currently. Additionally, my skin has been peeling and drier than usual- most likely due to my skin purging as I started my Tretinoin skin treatment recently. This week, I got back onto my daily night calls with my grandfather, which makes me feel great. Other than a few health improvements, it has been a regular week. I slacked off on my exercise routine, but I am trying to walk outside more to get my physical activity quota for the day. I hope to catch up on sleep and GRE prep this weekend. ","It was about a month ago when I felt true anger and frustration with something that happened at my workplace. It was an amalgamation of multiple small instances that accumulated over time, and it resulted in me losing my cool. While I did not air my anger and grievances at work, I came home and let off all the steam with my parents. I felt like I was being short-balled at work, and after all the hard work I put in, I felt as though I was not getting my due credit. The way I deal with my anger is I first vent, followed by a crying session, and then I convince myself all is well. I followed the same steps in this situation as well. I did have a meeting with my boss after I collected my thoughts and we were able to address my concerns in a constructive, productive, and fruitful manner. If this experience taught me something, is that speaking your mind politely and frankly will only be beneficial and will prevent future stress and strife. ",202,179
3/1/2024 13:45:24,Female,22,Straight,Hispanic/ Latino,Liberal Arts,Psychology ,Senior,"My best friend lied to me and it really hurt my feelings. Frankly, I‚Äôm still really hurt. And I know this cycle will continue until the day I die. Basically, she has a one year old baby and she tricked me into watching her. I have no issue with watching her, my issue lies in the fact that she told me she was leaving for a meeting that would last half an hour but came back four hours later. Her boyfriend let slip that they were actually at a hangout with other people. However during the time they were gone I took the longest nap so didn‚Äôt really process what was said until I got home. I don‚Äôt know why she‚Äôs like this, I‚Äôve know about her and it gives me severe trust issues with my other relationships. ","I don‚Äôt generally get angry, I‚Äôm the type of person who feels hurt or sad about a situation. I recently got angry though when I didn‚Äôt do as well on an exam as I had wanted. I was upset with myself because I knew that I could have done better if I hadn‚Äôt gotten in my head so much during the test. I give myself pretty bad test anxiety and it has been something I still struggle with as a senior. It‚Äôs very frustrating because my grades are really important to me and I know that the exam scores I often receive don‚Äôt reflect how well i know the material. OH i was also angry this past sunday because a man was SCREAMING outside my apartment building for an hour or so. I was so upset because Sundays are my days to sleep in. I was so angered to the point that I called the police to check on him or take him away.",138,164
3/4/2024 12:43:52,Male,20,Straight,"White, Asian (including South Asian and Southeast Asian)",Natural Sciences,Computational Biology,Sophomore,"I had a fantastic week! As a student, I had two exams that I studied a lot for. I also was able to maintain balance by working out everyday and volunteering at CD Doyle, one of Austin‚Äôs free clinic. At the volunteering shift, I did the intake role so I got to measure vitals and talk to patients. I connected with three patients and spoke to a handful of medical students. Also, I had a very fun broomball event on Friday with NSC. Even though we lost, it was still fun seeing everyone and messing around out on the ice rink. I had to wake up early Saturday morning for my nonprofit meeting, I spent a lot of time with my friends Friday night (and Saturday morning?). ","I always get angry when I‚Äôm hungry. I am hungry nearly everyday. Therefore, I‚Äôm also angry everyday. Yesterday, I went to the Chipotle on Guad and they didn‚Äôt give me any chicken. This made me angry, but then I filed a complaint and they gave me two free entrees. It makes me wonder if I can keep filing complaints (since the Guad chipotle is so bad), and see if I can tap into this infinite food glitch. Another time I felt angry was after my biochem exam. Although I was relieved the exams were over, I reflected on some of the answers I provided and realized I had answered them incorrectly. This is always frustrating, but only momentarily.",127,118
3/4/2024 13:04:23,Male,19,Queer/ LGBTQIA+,"White, Hispanic/ Latino",Natural Sciences,Chemistry,Freshman,"Last week, I got to attend and partake in several events through NSC's Natural Sciences Week. I really enjoyed supporting my friends and peers as they displayed their talents and had their organized events come to fruition. Also, as a member of NSC's rebranded Student Access Committee, I was glad to see my committee's first event of the semester blow off as several UT students took the opportunity to reflect on their mentL health and claim several healthy resources. To me, NSC is a second family I've made here at UT, so I've been feeling a bit down and empty everytime I realize several prominent role models in my life are getting ready to graduate and move on to the other projects. Still, I realize that it's best to live in the present and make fond memories with my friends while they are here. ","Honestly, I'm not someone to generally experience prominent emotions of anger. If I'm frustrated or disappointed in something/someone, my anger generally dissolves into understanding in a few hours. I also tend to avoid tension and confrontation, so I don't experience many measures of anger anyways. However, one instance of anger I've recently experienced is towards my government professor last semester. This professor would make questionable/disrespectful comments about me in class, and I wouldn't be surprised if she intentionally handed me the lowest grades in her class. One of these comments in class involved my professor emphasizing how chemistry was such a frustrating and unnecessary subject before pointing out to the entire class that I was a chemistry major (it didn't help that I was one of the only 2 non-COLA students in the class), and this perspective on chemistry was apparently only made since this professor started a fire in her high school chemistry class. Comments such as these resulted in my classmates side-eyeing me as I past them on Speedway or kept the door open for them on my way out of class. I kept my frustration over this inwards, and things certaibly didn't get better in her class as the semester progressed. I tried to report this professor at the end of the semester, but that only got mixed reviews from different administrative figures who were quite close to this professor. Still, despite all of this, I hope for the best for this professor and her family (especially since she is on a maternity leave), but I hope that she makes better choices in the future and, ideally, teaches grad school instead where she could be surrounded by students similar to her (and so that she doesn't discriminate against anyone). 

P.S. Sorry if this came out more as a rant, but I hope this helps for your data collection. ‚ú®Ô∏è",144,312
3/4/2024 13:13:32,Male,21,Straight,White,Natural Sciences,Physics/Biochemistry,Junior,"It was mid, i was really tired so i either slept or studied for tests and now i wanna drop out of school. significant events: i bought chatgpt 4, i limed from st david‚Äôs to wampus while inebriated, and i entertained my cousin and his parents who came down for a tour. oh and i also went to heb with my friend like 15 mins before they closed cuz we both needed food but shawty didn‚Äôt even buy food idk what she‚Äôs even eating for sustenance currently. wait maybe this week was chill and im being pessimistic. overall it was just really busy and i felt burnt out so in a way i‚Äôve been mad at myself the whole week, because i wanna feel good and productive but i acted like a vegetable. ",i heard about somebody being mean to my mama which is completely uncalled for she‚Äôs way too sweet for that behavior. i was pretty mad but it was like one of those moods where you‚Äôre still cerebral and u tryina plan the downfall of a person. another time i got cut off 3 times in a row on guad (all by teslas why do they suck at driving) and i had to get in my bag and meditate or something to not be mad. personally i differentiate between being annoyed and being mad by whether or not i can like feel my blood boil and my vision narrow. and that really doesn‚Äôt happen much usually it‚Äôs just innocent dumbasses annoying me not an actual problematic mf trying to make my life hell,133,132
3/4/2024 14:50:52,Female,20,Queer/ LGBTQIA+,Asian (including South Asian and Southeast Asian),Natural Sciences,Medical Laboratory Science,Junior,"I got broken up with by my boyfriend (now ex) so I definitely don't know how I'm feeling except grief. We had previously discussed things pertaining to our relationship and so last week I was pretty anxious that we were splitting up. I was also super busy last week with midterms and assignments so I guess I didn't really have time to process anything until this weekend, but then he asked to talk and officially we split up. I found out a lot of things that day and felt upset that he didn't express his needs earlier and began to think a lot about what ifs. It hurt to know that he didn't love me anymore, and that our relationship was a traumatic experience, and I don't blame him for describing our relationship that way. It just sucks that I no longer have someone that I can call mine.","The last time I felt anger was when my boyfriend first mentioned breaking up, I think in my experience the anger I felt was a mask for my pain. I was hurt by a lot of the things that he said, how he felt like he didn't feel important to me at a time when I was feeling extremely stressed. Perhaps my stress pushed me to be very unempathetic and I think that was the final straw for him. I felt like it was all at once, and I was frustrated that these things weren't addressed earlier. I felt like there was a pattern in our relationship, that the things that have been hurting us the most come out at the most stressful time of our lives. I still care about him, but I lashed out in frustration and anger, when I could always have made space for him. All that is left from this experience is regret.",149,158
3/6/2024 9:40:19,Female,19,Queer/ LGBTQIA+,Asian (including South Asian and Southeast Asian),Engineering,Chemical Engineering ,Sophomore,"There were not a lot of significant events that happened. I went to holi which was fun! I was pretty anxious about the whole event because last year it was not fun for me. I felt super awkward, out of place, and miserable for most of it so I ended up leaving early under the guise of doing my ‚Äúhw‚Äù. However, I think this holi was a lot better! I think it helped that we went late and left early (we didn‚Äôt stay that long) and stayed at the peak time. I have a quiz today in one of my hard classes that I‚Äôm not doing the best in. I‚Äôm also really anxious about this class and my grade in it, but I also can‚Äôt bring myself to fully sit down and catch up. I also feel like me not having any friends in my class when literally everyone in my class knows each other puts me at a big disadvantage because I am essentially learning everything on my own and don‚Äôt have people I can fall back on if I‚Äôm confused or have questions. It‚Äôs ok though! I‚Äôll figure it out (hopefully). I just need to actually lock in and figure everything out.","I don‚Äôt really ever get angry. I think the only person I genuinely get mad/angry at is my sister, but even then it is just petty arguments and nothing actually substantial. Last weekend I found out one of my friends lied about me to her whole friend group for months. When I told some of my other friends about it, they got mad on behalf of me and said they would be pissed if that happened to them. However, I was more just disappointed and anxious about the situation rather than mad at her even thought I was done dirty and had every right to be angry. I think rather than angry I mostly get annoyed. I am so easily annoyed by everything and get irritated by the smallest things. Usually I get over it pretty easily though, but if I‚Äôm having a bad day I can get pretty short.",204,150
4/2/2024 12:29:58,Male,20,,"White, Asian (including South Asian and Southeast Asian)",Natural Sciences,Neuroscience,Junior,"This past week I primarily just studied at home. I was staying at my parents' house, so I had less time to spend with friends. There were no especially significant events that occurred during the week, the most significant would probably be going out grocery shopping. In a sense, it is nice to have a fewer amount of different things going on, as it allows one to really focus in on the few things going on. On an unrelated note, my disdain for driving remains as prominent as ever. Driving to and fro Austin is not enjoyable, and I hope some of these high speed rail options make some progress soon. In comparison to other countries, we are very far behind in this realm.","In general, I do not typically cope with negative experiences with anger. I am much more prone to feelings of sadness or frustration rather than anger. As such, no specific times in which I was genuinely angry come to mind. One instance in which I felt much frustration, however, was in a week leading up to important finals. I was frustrated with myself because I was unable to internally motivate myself enough to start studying‚Äîonly the stress of the impending final date was seemingly able to motivate me sufficiently, and even then this stimulus was only strong enough a couple days away from the examination. Having this lack of control over my own behavior was very frustrating.",124,117
4/2/2024 13:22:02,Male,21,Straight,Asian (including South Asian and Southeast Asian),Engineering,Electrical and Computer Engineering,Junior,"The past week has been pretty good, productive for the most part, and active. Nothing super significant has happened recently, but I have been reducing distractions (like social media) and prioritizing concentration on everything - working when I‚Äôm working, eating when I‚Äôm eating, training when I‚Äôm training, and playing when I‚Äôm supposed to play. Not multitasking - I‚Äôve learned that you get pulled in all different directions and actually get nothing done. Being busy doesn‚Äôt equal productive. Also I have been reflecting on the good and the bad of some past events, while still focusing on the task at hand in front of me, and still being excited and optimistic about my future goals and plans. ","I don‚Äôt know if this is helpful but to be honest I don‚Äôt remember feeling angry recently. Of course there are always things in daily life that are frustrating, but I never seem to linger onto them anymore. Just accepting the way things are, taking what lessons you can out of them, and moving on. Since this form is making me elaborate hella I‚Äôm just yapping. The last real time I felt really angry was when some girl I really liked and felt close with decided to make out with someone else in front of me. But even now there is no anger, in fact glad that it happened because truthfully I did learn a lot out of the experience ",116,120
4/2/2024 13:48:25,Male,21,Straight,Asian (including South Asian and Southeast Asian),Natural Sciences,Computer Science,Junior,"Over the course of the past week, I've noticed a significant shift in my sleeping pattern, yet, paradoxically, there's been a notable increase in my overall productivity. My nights have stretched longer, pushing me into a routine where I find myself going to bed well past my usual time, which in turn has led to me waking up much later in the day than I'm accustomed to. Despite this apparent upheaval in my daily rhythm, the volume of work I've managed to get through has seen a marked improvement.This boost in productivity might be attributed to the serene quietude and isolation that the late hours afford me. The world slows down, the incessant buzz of day-to-day life fades into the background, and distractions dwindle to a minimum. It's in this tranquility that I find my mind most lucid and focused, capable of diving deeper into my tasks with a concentration that's elusive during the bustling daytime hours. Perhaps it's the stillness of the night that wraps around me like a cocoon, fostering an environment where thoughts flow freely and creativity flourishes.Moreover, the isolation from typical daytime interruptions‚Äîbe it social obligations, the constant pinging of notifications, or the simple, yet often disruptive, background noise of daily living‚Äîallows for a level of undisturbed focus that seems to supercharge my productivity. This unexpected shift in my working hours has led me to ponder the intricate relationship between our environment, our schedules, and how we function optimally. It's a fascinating revelation that, perhaps, our most effective periods of work might not align with traditional hours, but rather with those we carve out for ourselves, finding peace and productivity in the quiet solitude of the night.","In the midst of our team presentation, I found myself grappling with a surge of anger. This emotion was primarily triggered by one team member's domineering attitude. They insisted on making unilateral decisions, blatantly ignoring any attempts at rational discussion or alternative suggestions. What compounded my frustration was the passive stance of the other two group members. They chose to remain mute spectators, neither challenging the authoritative behavior nor contributing their own perspectives to the discussion. This lack of collaborative spirit and open dialogue left me feeling isolated and stifled within the team dynamic.",281,94
4/2/2024 14:07:21,Male,22,Straight,"White, Hispanic/ Latino",Engineering,Architectural engineering,Senior,"This past week or two has been very busy juggling classes, exercise, work, course exams, and the FE exam. I think I have allocated appropriate time to each aspect of my life without over exerting myself. I look forward to being done with school. Fill space fill space fill space fill space fill space fill space fill space fill space fill space fill space fill space fill space fill space fill space fill space fill space fill space fill space fill space fill space fill space fill space fill space fill space fill space fill space fill space fill space fill space fill space fill space fill space fill space fill space fill space fill space fill space",I felt anger when I failed an exam. Fill space fill space fill space fill space fill space fill space fill space fill space fill space fill space fill space fill space fill space fill space fill space fill space fill space fill space fill space fill space fill space fill space fill space fill space fill space fill space fill space fill space fill space fill space fill space fill space fill space fill space fill space fill space fill space fill space fill space fill space fill space fill space fill space fill space fill space fill space fill space fill space fill space fill space fill space fill space fill space fill space fill space fill space,118,120
4/2/2024 19:57:24,Male,21,Queer/ LGBTQIA+,Asian (including South Asian and Southeast Asian),Business,Finance,Junior,"Diving into the first part about my week: It's been a rollercoaster, honestly. Hit a major snag with a group project 'cause someone decided to ghost on us at the last minute. üòí We were scrambling to pick up the slack, which meant late nights and way too much caffeine. Felt pretty stressed and annoyed, but we managed to pull it together and submit something we're proud of. Besides that, had a finance exam that was looming over my head like a dark cloud, but when it finally happened, it wasn't as bad as I thought it would be. On the flip side, I had a chill night with friends on Saturday, which was a much-needed break from the chaos. We just hung out, watched movies, and had some good laughs. It was a reminder that it's not all about work and stress; those moments of relaxation really matter.","As for when did I most recently feel angry, it has to be with that group project situation which definitely got me there. Feeling let down by a teammate and worrying about how it would affect our grades was infuriating. It's not just about the extra work; it's the feeling of betrayal and having to pick up the pieces when you were already stretched thin. I had to take a few moments to breathe and not let my anger get the best of me. We talked it out as a group (without the ghoster, obviously), focused on what we could control, and moved forward. It was a test of patience and teamwork, but we made it through.",149,117
4/2/2024 20:01:04,Male,19,Straight,Asian (including South Asian and Southeast Asian),Engineering,Mechanical Engineering,Freshman,"This week was packed, not gonna lie. I had this really demon of a project on fluid mechanics that was basically eating up all my waking hours. There was a moment I thought I'd never see the back of it. üò¨ But hey, finally finished it up it late Thursday night, which was a win. Felt like I'd conquered Everest or something. There's also been a ton of stuff going on with the engineering society‚ÄîI'm trying to juggle responsibilities there, too. Managed to help organize a workshop which, thankfully, went off without a hitch, and they had free food. That was a solid boost amidst the chaos. I also haven't been sleeping enough.","On the anger front, oh boy, let me tell you about a lab session gone wrong. We're in there, trying to get some precise measurements, and the equipment just... fails. Out of nowhere. And it's not the first time, which makes it even more infuriating. It threw our whole session off track, and we ended up having to stay late to redo the experiment. I was fuming, mostly at the situation but also a bit at our department for not maintaining the gear better. It felt like our time and effort were being disrespected. Had to take a step back, vent a bit to friends, and then focus on getting the work done. Not the first challenge thrown our way and definitely won't be the last, but it was a reminder that sometimes, you've just got to roll with the punches and keep pushing forward.",113,145
4/2/2024 20:06:16,Male,20,Straight,Asian (including South Asian and Southeast Asian),Natural Sciences,Computer Science,Sophomore,"This week has been unreal, to say the least. The highlight? I got the confirmation email from Amazon about my internship, and I've been on cloud nine ever since. It feels like all the late nights leet code, coding challenges, and the endless prep finally paid off. Celebrated the news with a mini pizza party with my roommates, which was awesome. I also have been craving to play ping pong lmao so finally got to do that. But it's not all been partying; I've also been knee-deep in assignments and projects that I got behind on because of interview prep. Balancing the excitement with the workload has been tricky but thrilling.","Getting turned down by a tech startup I was excited about really ticked me off. I had nailed the coding test and felt good about the interviews, so the rejection hit hard. It made me doubt my skills and wonder where I fell short. But instead of dwelling on it, I used that frustration as motivation to double down on my efforts. This setback stung, but it also taught me resilience. It‚Äôs all about bouncing back stronger, and landing the Amazon internship later was proof that perseverance pays off. The rejection was also a tough pill to swallow, but it highlighted the reality of the tech industry: not every opportunity will be a perfect fit, and that's okay. It's about learning from each experience, improving, and moving forward with even more determination.",111,132
4/2/2024 20:12:51,Male,21,Queer/ LGBTQIA+,Asian (including South Asian and Southeast Asian),Business,Finance,Junior,"This week was a marathon, not a sprint. Leading up to the semi-finals for pickleball intermurals, every day was packed with intense training sessions and strategic team meetings. On top of that, my group project for entrepreneurship class demanded my creativity and leadership off the field. Juggling both was exhausting but exhilarating. Winning the semi-finals was a rush; it validated all the hard work and sacrifices. The satisfaction of acing the project presentation added to the week's triumphs. Despite the physical and mental strain, the accomplishments made every moment of exhaustion worthwhile.","The toughest point where I was feeling a lot of anger came when a crucial teammate sustained an injury during our pickleball practice, jeopardizing our strategy for the semi finals that needed him to be playing. I was angry and frustrated, not at him but at the situation because I felt so helpless. It felt like despite our dedication and hard work, factors beyond our control could still derail our efforts. The initial shock and anger pushed us to rethink our approach, rallying around our teammate. This adversity reminded me of the unpredictability of sports and the importance of adaptability and teamwork. ",92,102
4/2/2024 20:14:44,Male,20,Queer/ LGBTQIA+,Asian (including South Asian and Southeast Asian),Medical/ Pre-Med / Nursing,Biology,Sophomore,"This past week, I, a college student and violin player, experienced a mix of nervousness and excitement as I prepared for a significant musical showcase at my university. This event is a big deal for musicians like me, as it's an opportunity to perform solo pieces in front of a large audience, including peers, professors, and potentially scouts. Amidst my preparations, I encountered a minor hiccup when one of my violin strings broke during practice. This incident was more than a simple inconvenience; it highlighted the intense pressure I was feeling to perform well. Thankfully, the encouragement from fellow music students and the constructive advice from my mentor helped boost my confidence. The thought of presenting my skills and the progress I've made on such an esteemed platform felt daunting yet thrilling, marking a pivotal moment in my journey as a musician.","There was a specific instance during my practice sessions that really tested me emotionally. While practicing an important piece for the upcoming showcase, one of the strings on my violin suddenly snapped. This wasn't just about the inconvenience of replacing a string; it felt like a metaphor for the delicate state of my preparation. I was overwhelmed with frustration, doubting whether I was truly ready to perform and fearful of potentially embarrassing myself on stage. This wave of anger, however, was short-lived. I realized that dwelling on what went wrong wouldn't help. Instead, I focused on moving forward, addressing what I could control‚Äîmy response to this setback and my unwavering commitment to excel at the showcase. This experience was a harsh but valuable lesson in resilience and the importance of maintaining a positive outlook in the face of challenges.",142,139
4/2/2024 20:16:41,Male,21,Straight,Asian (including South Asian and Southeast Asian),Natural Sciences,Computer Science,Junior,"I am part of a raas dance team, a traditional Indian dance form that's both energetic and intricate. Our week took an unexpected turn when our lead choreographer fell ill, putting our preparations for an upcoming national competition in jeopardy. This situation forced us to quickly adapt and change our routine, a daunting task that required everyone's input and flexibility. Despite the initial stress and uncertainty, we grew closer as a team, finding new strengths and a shared determination. This ordeal underscored the unpredictable nature of performing arts and the vital role of adaptability alongside skill.","The absence of our choreographer this week put a strain on our pratices. During one particularly tense session, disagreements over the direction of our new choreography led to frustration among team members. I felt a mix of anger and concern, fearing these challenges could compromise our performance. However, this frustration became a turning point for us. By confronting our issues directly and working together intensively, we not only resolved our disagreements but also discovered effective new ways to enhance our routine. This experience taught us the value of patience, open communication, and the collective effort needed to overcome unexpected hurdles.",96,100
4/2/2024 20:18:05,Male,21,Straight,Asian (including South Asian and Southeast Asian),Fine Arts,Filmmaking,Junior,"I embarked on a project to capture the diverse facets of campus life. Balancing this ambitious project with my academic duties was a test of my time management and organizational abilities. A significant setback occurred when I lost a day's worth of footage due to a technical glitch, challenging my resolve and forcing me to reassess my approach to the project. Despite the setback, this challenge clarified my commitment to storytelling and the importance of perseverance in the face of obstacles. It's been an enlightening journey, emphasizing the critical nature of technical preparation and the powerful impact of documentary work in portraying real-life stories.","Discovering that I had lost crucial footage was a frustrating and anger-inducing moment, mainly because it was a preventable error on my part. The realization that my negligence in backing up data cost us precious time and effort was a tough pill to swallow. However, this frustration served as a wake-up call. It propelled me to overhaul my workflow, instituting rigorous data management protocols to avoid such mishaps in the future. This experience, while frustrating, ultimately taught me the value of meticulous planning and the potential for setbacks to foster innovation and a deeper dedication to my craft.",104,98